<?xml version="1.0" encoding="UTF-8"?>
<beans xmlns="http://www.springframework.org/schema/beans"
    xmlns:xsi="http://www.w3.org/2001/XMLSchema-instance" xmlns:context="http://www.springframework.org/schema/context"
    xsi:schemaLocation="http://www.springframework.org/schema/beans
    http://www.springframework.org/schema/beans/spring-beans.xsd
    http://www.springframework.org/schema/context
    http://www.springframework.org/schema/context/spring-context.xsd">
    
    <bean id="Employee"    class="springlab1.Employee">
    <property name="employeeId" value="12352"></property>
    <property name="employeeName" value="kalyan"></property>
    <property name="salary" value="20000"></property>
    <property name="businessUnit" value="ap-su-36"></property>
    <property name="age" value="56"></property></bean>
</beans>