<?xml version="1.0" encoding="UTF-8"?>
<beans xmlns="http://www.springframework.org/schema/beans"
    xmlns:xsi="http://www.w3.org/2001/XMLSchema-instance" xmlns:context="http://www.springframework.org/schema/context"
    xsi:schemaLocation="http://www.springframework.org/schema/beans
    http://www.springframework.org/schema/beans/spring-beans.xsd
    http://www.springframework.org/schema/context
    http://www.springframework.org/schema/context/spring-context.xsd">
    
    
    
    <bean id="Employee"    class="spring3.Employee">
    <property name="employeeId" value="12352"></property>
    <property name="employeeName" value="kalyan"></property>
    <property name="salary" value="20000"></property>
    <property name="age" value="56"></property>
    </bean>
    
     <bean id="Employee1"    class="spring3.Employee">
    <property name="employeeId" value="12352"></property>
    <property name="employeeName" value="kalyan"></property>
    <property name="salary" value="20000"></property>
    <property name="age" value="56"></property>
    </bean>
    
    <bean id="Sbu" class="spring3.Sbu">
    <property name="sbuId" value="101"></property>
    <property name="sbuName" value="Product engineering services"></property>
    <property name="sbuHead" value="Kiran Rao"></property>
    <property list="emp" >
   <list>
   		< ref bean="Employee">
   </list>
   
    </property>
    </bean>
</beans>